# Generated by tools/generate_m350_50a_bh.py; do not edit by hand.
# Material: M350-50A (1.0810) @ 50 Hz; sample: sheet strip; measurement: Epstein frame.
# Source model: https://github.com/modelica/ModelicaStandardLibrary/blob/master/Modelica/Magnetic/FluxTubes/Material/SoftMagnetic/ElectricSheet/M350_50A.mo
# Source formula: https://github.com/modelica/ModelicaStandardLibrary/blob/master/Modelica/Magnetic/FluxTubes/Material/SoftMagnetic/mu_rApprox.mo
# Source license: BSD-3-Clause; retained notice is in THIRD_PARTY_NOTICES.md.
# Model parameters: mu_i=1210, B_myMax=1.16 T, c_a=24630, c_b=2.44, n=14.
# mu_r(B) = 1 + (mu_i - 1 + c_a*|B/B_myMax|) / (1 + c_b*|B/B_myMax| + |B/B_myMax|^n).
# H(B) = B / (mu_0 * mu_r(B)).
B_T,H_A_per_m
0.000000,0.000000000
0.000001,0.000657655
0.010000,5.712477329
0.020000,10.145635700
0.030000,13.740712043
0.040000,16.756955713
0.050000,19.356683900
0.060000,21.646712091
0.070000,23.700208267
0.080000,25.568974655
0.090000,27.290715888
0.100000,28.893529206
0.110000,30.398781239
0.120000,31.823009501
0.130000,33.179213725
0.140000,34.477753861
0.150000,35.726987758
0.160000,36.933732521
0.170000,38.103603905
0.180000,39.241269784
0.190000,40.350642048
0.200000,41.435023687
0.210000,42.497222829
0.220000,43.539642068
0.230000,44.564349123
0.240000,45.573133213
0.250000,46.567550422
0.260000,47.548960471
0.270000,48.518556748
0.280000,49.477390986
0.290000,50.426393676
0.300000,51.366391051
0.310000,52.298119292
0.320000,53.222236476
0.330000,54.139332666
0.340000,55.049938486
0.350000,55.954532427
0.360000,56.853547105
0.370000,57.747374645
0.380000,58.636371324
0.390000,59.520861598
0.400000,60.401141604
0.410000,61.277482221
0.420000,62.150131745
0.430000,63.019318257
0.440000,63.885251700
0.450000,64.748125742
0.460000,65.608119422
0.470000,66.465398643
0.480000,67.320117511
0.490000,68.172419564
0.500000,69.022438897
0.510000,69.870301215
0.520000,70.716124815
0.530000,71.560021537
0.540000,72.402097673
0.550000,73.242454874
0.560000,74.081191052
0.570000,74.918401311
0.580000,75.754178901
0.590000,76.588616240
0.600000,77.421805993
0.610000,78.253842253
0.620000,79.084821833
0.630000,79.914845687
0.640000,80.744020508
0.650000,81.572460500
0.660000,82.400289383
0.670000,83.227642648
0.680000,84.054670108
0.690000,84.881538781
0.700000,85.708436161
0.710000,86.535573910
0.720000,87.363192052
0.730000,88.191563705
0.740000,89.021000445
0.750000,89.851858351
0.760000,90.684544842
0.770000,91.519526370
0.780000,92.357337091
0.790000,93.198588613
0.800000,94.043980947
0.810000,94.894314778
0.820000,95.750505235
0.830000,96.613597270
0.840000,97.484782867
0.850000,98.365420229
0.860000,99.257055169
0.870000,100.161444933
0.880000,101.080584669
0.890000,102.016736838
0.900000,102.972463829
0.910000,103.950664098
0.920000,104.954612165
0.930000,105.988002823
0.940000,107.054999965
0.950000,108.160290439
0.960000,109.309143391
0.970000,110.507475598
0.980000,111.761923306
0.990000,113.079921154
1.000000,114.469788798
1.010000,115.940825894
1.020000,117.503416145
1.030000,119.169141184
1.040000,120.950905100
1.050000,122.863070489
1.060000,124.921606960
1.070000,127.144253111
1.080000,129.550693039
1.090000,132.162748531
1.100000,135.004588172
1.110000,138.102954663
1.120000,141.487411753
1.130000,145.190612279
1.140000,149.248588874
1.150000,153.701069063
1.160000,158.591816511
1.170000,163.969000350
1.180000,169.885594605
1.190000,176.399809872
1.200000,183.575559535
1.210000,191.482962939
1.220000,200.198888094
1.230000,209.807536626
1.240000,220.401073845
1.250000,232.080306995
1.260000,244.955414878
1.270000,259.146732271
1.280000,274.785592719
1.290000,292.015233476
1.300000,310.991766600
1.310000,331.885220393
1.320000,354.880655606
1.330000,380.179361059
1.340000,408.000133563
1.350000,438.580647256
1.360000,472.178917750
1.370000,509.074866701
1.380000,549.571992703
1.390000,593.999154676
1.400000,642.712474169
1.410000,696.097363307
1.420000,754.570685359
1.430000,818.583055217
1.440000,888.621287326
1.450000,965.210998927
1.460000,1048.919376696
1.470000,1140.358115195
1.480000,1240.186535764
1.490000,1349.114894769
1.500000,1467.907890334
1.510000,1597.388376918
1.520000,1738.441297294
1.530000,1892.017841634
1.540000,2059.139843574
1.550000,2240.904423184
1.560000,2438.488886853
1.570000,2653.155894069
1.580000,2886.258900995
1.590000,3139.247890639
1.600000,3413.675399130
1.610000,3711.202847336
1.620000,4033.607186601
1.630000,4382.787866836
1.640000,4760.774134494
1.650000,5169.732667123
1.660000,5611.975550151
1.670000,6089.968600366
1.680000,6606.340039080
1.690000,7163.889516348
1.700000,7765.597485622
1.710000,8414.634926037
1.720000,9114.373406959
1.730000,9868.395486533
1.740000,10680.505432714
1.750000,11554.740251556
1.760000,12495.381003428
1.770000,13506.964383211
1.780000,14594.294535409
1.790000,15762.455069452
1.800000,17016.821234218
1.810000,18363.072203957
1.820000,19807.203420300
1.830000,21355.538926885
1.840000,23014.743624303
1.850000,24791.835363510
1.860000,26694.196785631
1.870000,28729.586805129
1.880000,30906.151621687
1.890000,33232.435133884
1.900000,35717.388614815
1.910000,38370.379496421
1.920000,41201.199095352
1.930000,44220.069098967
1.940000,47437.646615626
1.950000,50865.027578951
1.960000,54513.748281400
1.970000,58395.784798672
1.980000,62523.550053196
1.990000,66909.888252879
2.000000,71568.066430493
2.010000,76511.762800182
2.020000,81755.051640914
2.030000,87312.384412873
2.040000,93198.566812270
2.050000,99428.731473461
2.060000,106018.306035243
2.070000,112982.976301264
2.080000,120338.644243443
2.090000,128101.380622588
2.100000,136287.372032801
2.110000,144912.862216115
2.120000,153994.087541839
2.130000,163547.206601351
2.140000,173588.223934156
2.150000,184132.907974609
2.160000,195196.703391035
2.170000,206794.638079327
2.180000,218941.225171129
2.190000,231650.360521320
2.200000,244935.216249491
2.210000,258808.131023908
2.220000,273280.497892160
2.230000,288362.650577992
2.240000,304063.749276241
2.250000,320391.667084374
2.260000,337352.878306943
2.270000,354952.349954845
2.280000,373193.437831538
2.290000,392077.788649825
2.300000,411605.249652329
2.310000,431773.787213584
2.320000,452579.415878979
2.330000,474016.139243898
2.340000,496075.903993740
2.350000,518748.568311682
2.360000,542021.885716219
2.370000,565881.505216070
2.380000,590310.988468010
2.390000,615291.844396991
2.400000,640803.581491470
2.410000,666823.777725306
2.420000,693328.167786507
2.430000,720290.747018974
2.440000,747683.891212539
2.450000,775478.491116145
2.460000,803644.100305350
2.470000,832149.094815050
2.480000,860960.842756871
2.490000,890045.881983403
2.500000,919370.103741850
